<?xml version="1.0" encoding="utf-8" ?>
<Questions>
  <Question>
    <Description>What was your first boy/girlfriend's first name?</Description>
  </Question>
  <Question>
    <Description>What is your favorite vacation place?</Description>
  </Question>
  <Question>
    <Description>What is your favorite color?</Description>
  </Question>
  <Question>
    <Description>Who is your favorite actor?</Description>
  </Question>
  <Question>
    <Description>What is your favorite movie?</Description>
  </Question>
  <Question>
    <Description>Who is your favorite fictional character?</Description>
  </Question>
  <Question>
    <Description>Who is your favorite person in history?</Description>
  </Question>
  <Question>
    <Description>What is your favorite movie from childhood?</Description>
  </Question>
  <Question>
    <Description>What is your favorite food?</Description>
  </Question>
  <Question>
    <Description>What is your favorite TV show that is not on anymore?</Description>
  </Question>
  <Question>
    <Description>What was your first car?</Description>
  </Question>
  <Question>
    <Description>What what the first company you worked for?</Description>
  </Question>
  <Question>
    <Description>What was your childhood nickname</Description>
  </Question>
  <Question>
    <Description>In what city did you meet your spouse/significant other?</Description>
  </Question>
  <Question>
    <Description>What is the name of your favorite childhood friend?</Description>
  </Question>
  <Question>
    <Description>What street did you live on in third grade?</Description>
  </Question>
  <Question>
    <Description>What is your sibling's birthday month and year? (e.g. January 1900)</Description>
  </Question>
  <Question>
    <Description>What is the mie name of your youngest child?</Description>
  </Question>
  <Question>
    <Description>What is your oldest sibling's mie name?</Description>
  </Question>
  <Question>
    <Description>What school did you attend for sixth grade?</Description>
  </Question>
  <Question>
    <Description>What was your childhood phone number?</Description>
  </Question>
  <Question>
    <Description>What was the name of your first stuffed animal?</Description>
  </Question>
  <Question>
    <Description>What was the name of your first pet?</Description>
  </Question>
  <Question>
    <Description>In what city or town did your mother and father meet?</Description>
  </Question>
  <Question>
    <Description>What was the last name of your third grade teacher?</Description>
  </Question>
  <Question>
    <Description>What is the street number of the house you grew up in?</Description>
  </Question>
  <Question>
    <Description>What are the last 5 digits of your driver's license number?</Description>
  </Question>
  <Question>
    <Description>What is your youngest brother's birthday?</Description>
  </Question>
  <Question>
    <Description>What was the name of your elementary/primary school?</Description>
  </Question>
  <Question>
    <Description>What is your maternal grandmother's maiden name?</Description>
  </Question>
  <Question>
    <Description>In what town was your first job?</Description>
  </Question>
  <Question>
    <Description>What is the make of your first vehicle?</Description>
  </Question>
  <Question>
    <Description>When is your anniversary?</Description>
  </Question>
  <Question>
    <Description>What was your high school mascot?</Description>
  </Question>
  <Question>
    <Description>In what city were you born?</Description>
  </Question>
  <Question>
    <Description>What is the name of your high school?</Description>
  </Question>
  <Question>
    <Description>On what street did your best friend in high school live?</Description>
  </Question>
  <Question>
    <Description>What is your father's mie name?</Description>
  </Question>
  <Question>
    <Description>As a child, what did you want to be when you grew up?</Description>
  </Question>
  <Question>
    <Description>What brand of jeans do you prefer to wear?</Description>
  </Question>
  <Question>
    <Description>What is the mie name of your spouse's mother?</Description>
  </Question>
  <Question>
    <Description>What is your favorite fruit?</Description>
  </Question>
  <Question>
    <Description>What is your favorite fragrance?</Description>
  </Question>
  <Question>
    <Description>What time of day were you born?</Description>
  </Question>
</Questions>